{"cameraMode":{"drawMode":0,"name":"Shaded","section":"Shading Mode"},"sceneLighting":true,"audioPlay":false,"sceneViewState":{"showFog":true,"showMaterialUpdate":false,"showSkybox":true,"showFlares":true,"showImageEffects":true,"showParticleSystems":true},"in2DMode":false,"pivot":{"x":-5.604215621948242,"y":-1.7922461032867432,"z":4.170896530151367},"rotation":{"x":-0.04430409520864487,"y":0.3214167058467865,"z":-0.015056498348712922,"w":-0.945781409740448},"size":15.529693603515625,"orthographic":false}